<?xml version="1.0"?>
<config xmlns:xsi="http://www.w3.org/2001/XMLSchema-instance"
        xsi:noNamespaceSchemaLocation="urn:magento:module:Magento_Config:etc/system_file.xsd">
    <system>
        <tab id="vdcstore" translate="label" sortOrder="0">
            <label>Vdcstore</label>
        </tab>
        <section id="categoryimpexpo" translate="label" type="text" sortOrder="320" showInDefault="1" showInWebsite="1"
                 showInStore="1">
            <label>Category ImpExpo</label>
            <tab>vdcstore</tab>
            <resource>Vdcstore_CategoryImpExpo::vdcstore_categoryimpexpo_config</resource>
            <group id="general" translate="label" type="text" sortOrder="10" showInDefault="1" showInWebsite="1"
                   showInStore="1">
                <label>Configuration</label>
                <field id="enable" translate="label" type="select" sortOrder="1" showInDefault="1" showInWebsite="1"
                       showInStore="1">
                    <label>Category Import/Export</label>
                    <source_model>Magento\Config\Model\Config\Source\Enabledisable</source_model>

                </field>
                <field id="export" translate="label" type="button" sortOrder="10" showInDefault="1" showInWebsite="1"
                       showInStore="1">
                    <label>Export Category</label>
                    <frontend_model>Vdcstore\CategoryImpExpo\Block\System\Config\Export</frontend_model>
                    <depends>
                        <field id="enable">1</field>
                    </depends>
                </field>
                <field id="csv_file_uploaddd" translate="label"
                       type="Magento\Config\Block\System\Config\Form\Field\File" sortOrder="6" showInDefault="1"
                       showInWebsite="1">
                    <label>Upload Category file</label>
                    <backend_model>Magento\Config\Model\Config\Backend\File</backend_model>
                    <upload_dir config="system" scope_info="1">test</upload_dir>
<!--                    <comment>&lt;a href="impexp/index/sampledata" download="sample_import.csv" target="_self"&gt;Download-->
<!--                        Sample CSV&lt;/a&gt;&lt;br/&gt;&lt;br/&gt;Allowed file type: csv-->
<!--                    </comment>-->
                    <depends>
                        <field id="enable">1</field>
                    </depends>
                </field>
                <field id="import" translate="label" type="button" sortOrder="10" showInDefault="1" showInWebsite="1"
                       showInStore="1">
                    <label>Import Category</label>
                    <frontend_model>Vdcstore\CategoryImpExpo\Block\System\Config\Import</frontend_model>
                    <depends>
                        <field id="enable">1</field>
                    </depends>
                    <comment>First You Need to Upload Csv File</comment>
                </field>
            </group>
        </section>
    </system>
</config>
